Route,avg_delay,num_incidents
77,136.17741935483872,62
340,117.0,2
202,97.33870967741936,62
28,91.28571428571429,35
121,71.88127853881278,219
55,65.171875,64
YU,64.28571428571429,7
354,64.28571428571429,21
93,61.97727272727273,44
162,58.382716049382715,81
106,54.32085561497326,187
33,53.19444444444444,36
332,53.11666666666667,60
301,52.0,4
87,49.52577319587629,97
307,49.470588235294116,102
14,48.06896551724138,232
315,48.0,11
302,47.78947368421053,19
171,47.457142857142856,35
324,46.214285714285715,14
363,46.16216216216216,37
82,43.3469387755102,49
365,42.111111111111114,9
109,42.02793296089386,179
169,42.022346368715084,179
312,42.0,14
19,41.84426229508197,244
107,41.68484848484849,165
108,40.8359375,384
176,40.642857142857146,14
97,39.722627737226276,411
59,39.559471365638764,227
935,39.03866432337434,569
134,38.82258064516129,248
329,38.74242424242424,66
352,38.55263157894737,38
26,38.46733668341709,199
341,38.03846153846154,26
10,37.09090909090909,11
200,37.0,13
13,36.306451612903224,186
31,36.28235294117647,170
120,36.258823529411764,85
88,35.92307692307692,208
343,35.333333333333336,21
184,34.857142857142854,14
71,34.674157303370784,267
20,34.30731707317073,205
98,34.31351351351351,185
189,34.175,40
130,33.67713004484305,223
322,33.241379310344826,29
50,32.723214285714285,112
115,32.6,15
385,32.59090909090909,22
41,32.18593563766389,839
74,31.72972972972973,74
78,31.60902255639098,133
110,31.237942122186496,311
101,30.974358974358974,39
325,30.333333333333332,27
84,30.129032258064516,620
167,30.046875,64
17,29.90459363957597,283
334,29.891304347826086,46
73,29.723342939481267,347
127,29.2,95
384,29.071428571428573,14
91,28.95729537366548,281
30,28.823529411764707,85
51,28.812244897959182,245
8,28.746575342465754,146
154,28.65671641791045,67
132,28.627118644067796,59
119,27.9375,80
79,27.87378640776699,412
185,27.392156862745097,51
99,27.22222222222222,81
15,26.928,125
113,26.919786096256683,187
9,26.831683168316832,202
80,26.81675392670157,191
96,26.75632911392405,948
56,26.57831325301205,166
11,26.527932960893853,358
396,26.414634146341463,41
335,25.956521739130434,46
94,25.825192802056556,389
68,25.74342105263158,456
46,25.67149758454106,207
160,25.10731707317073,205
395,25.074074074074073,27
LINE 4,25.0,1
69,24.954887218045112,133
122,24.91031390134529,223
42,24.71731448763251,283
161,24.641509433962263,318
57,24.59903381642512,207
61,24.523529411764706,170
67,24.481927710843372,166
64,23.943342776203966,353
40,23.871459694989106,459
38,23.799196787148595,498
104,23.70198675496689,151
111,23.485148514851485,202
126,23.41025641025641,156
23,23.2987012987013,154
48,23.25,48
66,23.213333333333335,150
37,23.164874551971327,558
21,23.08467741935484,248
8600,23.0,1
102,22.87660414610069,1013
83,22.8,85
118,22.690322580645162,310
12,22.658198614318707,433
35,22.483991064780344,1343
49,22.186046511627907,43
131,21.865248226950353,423
337,21.863636363636363,22
47,21.598202824133505,779
135,21.522727272727273,88
117,21.5,2
123,21.41176470588235,391
65,21.1021897810219,274
503,21.0,1
75,20.972602739726028,511
960,20.791891891891893,740
62,20.72641509433962,106
112,20.703071672354948,293
129,20.463265306122448,490
60,20.306397306397308,594
8441,20.0,1
103,20.0,1
3290,20.0,1
1060,20.0,1
RAD 202,20.0,1
968,19.768115942028984,69
336,19.327272727272728,55
996,19.3342175066313,377
LESLIE,19.0,1
941,18.66839378238342,193
128,18.625,32
85,18.575,960
904,18.54074074074074,135
54,18.496272630457934,939
105,18.31451612903226,124
70,18.275862068965516,290
353,18.120689655172413,58
32,17.977603583426653,1786
39,17.848591549295776,568
52,17.480450236966824,1688
133,17.252895752895753,518
76,17.15686274509804,255
90,17.116129032258065,310
72,16.793991416309012,466
925,16.682151589242054,409
95,16.50194931773879,1026
905,16.435897435897434,312
501,16.145833333333332,48
953,16.041666666666668,72
114,16.009708737864077,206
939,15.977567886658795,847
927,15.904672897196262,535
53,15.844850065189048,767
300,15.831509846827133,457
505,15.75,8
168,15.703448275862069,290
985,15.684931506849315,511
902,15.641666666666667,240
7,15.638232271325796,973
989,15.517241379310345,145
86,15.45874125874126,715
34,15.130674002751032,727
124,15.018867924528301,53
955,15.0,1
45,14.950442477876106,565
952,14.868312757201647,243
43,14.852906287069988,843
937,14.735849056603774,159
995,14.690391459074734,281
125,14.648351648351648,91
903,14.579572446555819,421
511,14.333333333333334,3
320,14.201960784313725,510
25,14.180882352941177,680
92,14.020833333333334,96
966,14.0,3
165,13.920253164556962,790
63,13.87448046550291,1203
89,13.857374392220422,617
339,13.85,40
29,13.772891131939438,1387
100,13.585492227979275,579
24,13.451448040885861,587
116,13.42757821552723,863
81,13.24390243902439,82
16,12.959854014598541,274
201,12.692307692307692,13
954,12.595505617977528,89
945,12.6,175
929,12.519047619047619,840
36,12.375324675324675,1540
950,12.0,1
984,11.819354838709678,155
944,11.48235294117647,85
924,11.193333333333333,150
506,11.166666666666666,6
986,10.3841059602649,151
BATHURST,10.0,1
141,10.0,1
2504,10.0,1
22,9.91358024691358,162
900,9.389027431421447,401
44,9.27882037533512,373
938,9.0,4
652,9.0,1
610,9.0,1
59097,8.0,1
400,8.0,1
9259,8.0,1
943,7.0,1
1,5.75,4
0,5.4,5
507,5.0,2
512,4.5,26
510,3.3636363636363638,22
504,3.090909090909091,11
LINE 2,2.95,20
600,2.588235294117647,272
BD,2.3333333333333335,12
509,2.25,4
SHUTTLE,2.0,6
999,1.6604651162790698,215
RAD 600,1.5,2
2,1.3714285714285714,35
LINE 1,0.84375,32
RAD,0.8333333333333334,6
555,0.5428571428571428,35
OTC,0.0,6
SHELTER,0.0,2
SRT,0.0,4
SUBWAY,0.0,2
MOBILE 104,0.0,1
RAD (57,0.0,1
899,0.0,11
M169,0.0,1
TBM,0.0,1
MULTIPLE,0.0,1
00RAD,0.0,2
144,0.0,1
TRAINING,0.0,1
CNE,0.0,1
D,0.0,1
OUT,0.0,1
TTC,0.0,1
304,0.0,1
601,0.0,1
320 YONGE (600,0.0,1
666,0.0,1
A,0.0,1
OPERATED,0.0,1
VARIOUS,0.0,1
